事故内容,事故内容区分,事故類型,事故類型区分,天候,天候区分,昼夜,昼夜区分,時間帯区分,曜日(発生年月日),曜日区分,死者数,発生日時　　分,発生日時　　年,発生日時　　日,発生日時　　時,発生日時　　月,発生日時（年月日）,発生日時（時間）,負傷者数,路線,路線コード,道路形状,道路形状区分,件数,経度,緯度
2,負傷,21,車両相互,1,晴,12,昼－昼,6-9時,7,土,0,40,2019,10,07,08,2019-08-10,07:40,1,一般市町村道,3700,7,交差点付近－その他,1,138.3072777,34.8348055
2,負傷,21,車両相互,2,曇,13,昼－暮,18-21時,2,月,0,23,2019,19,18,08,2019-08-19,18:23,3,一般国道（国道番号）,150,1,交差点－その他,1,138.3025,34.8250277
2,負傷,21,車両相互,1,晴,12,昼－昼,15-18時,5,木,0,38,2019,08,16,08,2019-08-08,16:38,1,一般市町村道,3700,1,交差点－その他,1,138.2994166,34.8334166
2,負傷,21,車両相互,2,曇,12,昼－昼,9-12時,3,火,0,38,2019,20,09,08,2019-08-20,09:38,2,一般国道（国道番号）,150,1,交差点－その他,1,138.3109722,34.8100555
2,負傷,21,車両相互,2,曇,12,昼－昼,6-9時,4,水,0,08,2019,21,08,08,2019-08-21,08:08,1,一般国道（国道番号）,150,1,交差点－その他,1,138.3001944,34.8670833
2,負傷,21,車両相互,2,曇,12,昼－昼,15-18時,4,水,0,30,2019,14,15,08,2019-08-14,15:30,2,一般市町村道,3700,1,交差点－その他,1,138.307,34.8650277
2,負傷,21,車両相互,1,晴,12,昼－昼,15-18時,1,日,0,19,2019,11,16,08,2019-08-11,16:19,1,一般市町村道,3700,14,単路－その他,1,138.2845555,34.8048055
2,負傷,21,車両相互,1,晴,12,昼－昼,9-12時,3,火,0,10,2019,13,09,08,2019-08-13,09:10,1,一般市町村道,3700,7,交差点付近－その他,1,138.3147222,34.8640277
2,負傷,21,車両相互,1,晴,12,昼－昼,15-18時,6,金,0,20,2019,23,17,08,2019-08-23,17:20,2,一般市町村道,3700,1,交差点－その他,1,138.302,34.8523611
2,負傷,21,車両相互,1,晴,22,夜－夜,18-21時,6,金,0,40,2019,23,20,08,2019-08-23,20:40,1,一般国道（国道番号）,150,14,単路－その他,1,138.2654166,34.8041111
2,負傷,21,車両相互,1,晴,12,昼－昼,15-18時,7,土,0,00,2019,24,17,08,2019-08-24,17:00,1,一般市町村道,3700,13,単路－カーブ・屈折,1,138.2695277,34.8134722
2,負傷,21,車両相互,1,晴,12,昼－昼,15-18時,1,日,0,17,2019,25,15,08,2019-08-25,15:17,1,一般市町村道,3700,14,単路－その他,1,138.3054444,34.8689722
2,負傷,21,車両相互,1,晴,12,昼－昼,6-9時,3,火,0,42,2019,20,07,08,2019-08-20,07:42,1,一般の交通の用に供するその他の道路,9900,0,一般交通の場所,1,138.3055277,34.8013888
2,負傷,21,車両相互,2,曇,12,昼－昼,12-15時,3,火,0,35,2019,20,12,08,2019-08-20,12:35,1,主要地方道－都道府県道,1081,14,単路－その他,1,138.3038333,34.8812777
2,負傷,21,車両相互,3,雨,12,昼－昼,15-18時,2,月,0,35,2019,22,16,07,2019-07-22,16:35,1,一般の交通の用に供するその他の道路,9900,0,一般交通の場所,1,138.3189444,34.8170555
2,負傷,21,車両相互,1,晴,12,昼－昼,15-18時,3,火,0,50,2019,20,15,08,2019-08-20,15:50,1,一般市町村道,3700,14,単路－その他,1,138.31175,34.8586111
2,負傷,21,車両相互,1,晴,22,夜－夜,18-21時,3,火,0,47,2019,20,20,08,2019-08-20,20:47,1,一般市町村道,3700,1,交差点－その他,1,138.2961388,34.87525
2,負傷,21,車両相互,1,晴,22,夜－夜,18-21時,6,金,0,00,2019,09,20,08,2019-08-09,20:00,1,一般市町村道,3700,1,交差点－その他,1,138.3025277,34.7915
2,負傷,21,車両相互,2,曇,22,夜－夜,21-24時,2,月,0,40,2019,26,23,08,2019-08-26,23:40,2,一般国道（国道番号）,150,11,単路－トンネル,1,138.3406111,34.9032222
2,負傷,21,車両相互,1,晴,12,昼－昼,15-18時,6,金,0,25,2019,09,17,08,2019-08-09,17:25,1,一般市町村道,3700,14,単路－その他,1,138.3266111,34.8218888
2,負傷,21,車両相互,1,晴,21,夜－暮,18-21時,2,月,0,15,2019,26,19,08,2019-08-26,19:15,1,一般市町村道,3700,1,交差点－その他,1,138.2774166,34.7958055
2,負傷,21,車両相互,3,雨,13,昼－暮,15-18時,3,火,0,37,2019,27,17,08,2019-08-27,17:37,1,一般都道府県道,2224,14,単路－その他,1,138.2875555,34.8608333
2,負傷,21,車両相互,2,曇,13,昼－暮,15-18時,3,火,0,20,2019,27,17,08,2019-08-27,17:20,1,一般市町村道,3700,1,交差点－その他,1,138.298,34.8287222
2,負傷,21,車両相互,3,雨,13,昼－暮,15-18時,3,火,0,32,2019,27,17,08,2019-08-27,17:32,1,一般市町村道,3700,1,交差点－その他,1,138.2988333,34.8514722
2,負傷,21,車両相互,3,雨,22,夜－夜,18-21時,3,火,0,58,2019,27,19,08,2019-08-27,19:58,1,一般都道府県道,2222,14,単路－その他,1,138.2893333,34.8623333
2,負傷,21,車両相互,3,雨,21,夜－暮,18-21時,3,火,0,10,2019,27,19,08,2019-08-27,19:10,2,一般都道府県道,2224,1,交差点－その他,1,138.2931944,34.8425555
2,負傷,1,人対車両,3,雨,22,夜－夜,21-24時,3,火,0,06,2019,27,22,08,2019-08-27,22:06,1,主要地方道－都道府県道,1030,1,交差点－その他,1,138.3067777,34.8704444
2,負傷,21,車両相互,2,曇,12,昼－昼,9-12時,4,水,0,05,2019,28,09,08,2019-08-28,09:05,1,一般国道（国道番号）,150,7,交差点付近－その他,1,138.3011388,34.8596388
2,負傷,21,車両相互,1,晴,12,昼－昼,12-15時,5,木,0,58,2019,22,14,08,2019-08-22,14:58,1,一般国道（国道番号）,150,14,単路－その他,1,138.3028611,34.8769166
2,負傷,21,車両相互,2,曇,12,昼－昼,9-12時,4,水,0,53,2019,28,11,08,2019-08-28,11:53,1,一般市町村道,3700,1,交差点－その他,1,138.3019722,34.8523611
2,負傷,21,車両相互,1,晴,22,夜－夜,21-24時,2,月,0,43,2019,26,22,08,2019-08-26,22:43,1,一般国道（国道番号）,150,7,交差点付近－その他,1,138.3010277,34.8295555
2,負傷,1,人対車両,2,曇,12,昼－昼,15-18時,4,水,0,00,2019,28,16,08,2019-08-28,16:00,1,一般市町村道,3700,1,交差点－その他,1,138.3044166,34.8538055
2,負傷,21,車両相互,1,晴,12,昼－昼,12-15時,2,月,0,50,2019,26,14,08,2019-08-26,14:50,1,一般市町村道,3700,7,交差点付近－その他,1,138.3240833,34.8370833
2,負傷,41,車両単独,1,晴,21,夜－暮,18-21時,5,木,0,20,2019,01,19,08,2019-08-01,19:20,1,一般国道（国道番号）,150,1,交差点－その他,1,138.2636666,34.8026388
2,負傷,21,車両相互,1,晴,12,昼－昼,9-12時,5,木,0,22,2019,29,11,08,2019-08-29,11:22,3,一般市町村道,3700,14,単路－その他,1,138.3090555,34.854
2,負傷,21,車両相互,1,晴,13,昼－暮,15-18時,5,木,0,20,2019,29,17,08,2019-08-29,17:20,2,一般市町村道,3700,14,単路－その他,1,138.2826666,34.85325
2,負傷,21,車両相互,3,雨,12,昼－昼,9-12時,6,金,0,33,2019,30,10,08,2019-08-30,10:33,2,一般市町村道,3700,1,交差点－その他,1,138.2737777,34.79425
2,負傷,21,車両相互,2,曇,12,昼－昼,15-18時,3,火,0,10,2019,27,15,08,2019-08-27,15:10,1,一般市町村道,3700,1,交差点－その他,1,138.3062777,34.8797777
2,負傷,21,車両相互,1,晴,22,夜－夜,18-21時,2,月,0,30,2019,26,19,08,2019-08-26,19:30,1,一般市町村道,3700,14,単路－その他,1,138.3179722,34.8718055
2,負傷,21,車両相互,1,晴,12,昼－昼,6-9時,2,月,0,45,2019,26,06,08,2019-08-26,06:45,1,一般国道（国道番号）,150,14,単路－その他,1,138.3110277,34.8113888
2,負傷,21,車両相互,1,晴,12,昼－昼,12-15時,1,日,0,45,2019,01,13,09,2019-09-01,13:45,2,一般都道府県道,2224,12,単路－橋,1,138.2875,34.8608333
2,負傷,21,車両相互,1,晴,12,昼－昼,15-18時,1,日,0,03,2019,01,17,09,2019-09-01,17:03,1,一般市町村道,3700,1,交差点－その他,1,138.3309444,34.843
2,負傷,21,車両相互,1,晴,12,昼－昼,6-9時,2,月,0,57,2019,02,07,09,2019-09-02,07:57,1,一般市町村道,3700,1,交差点－その他,1,138.3173055,34.8732777
2,負傷,21,車両相互,3,雨,12,昼－昼,6-9時,6,金,0,32,2019,30,07,08,2019-08-30,07:32,1,一般市町村道,3700,7,交差点付近－その他,1,138.2985555,34.7935555
2,負傷,21,車両相互,2,曇,12,昼－昼,6-9時,6,金,0,25,2019,16,07,08,2019-08-16,07:25,1,一般市町村道,3700,14,単路－その他,1,138.2851111,34.82825
2,負傷,21,車両相互,1,晴,12,昼－昼,12-15時,2,月,0,08,2019,02,14,09,2019-09-02,14:08,1,一般市町村道,3700,1,交差点－その他,1,138.2604166,34.8133333
2,負傷,21,車両相互,3,雨,12,昼－昼,9-12時,6,金,0,06,2019,30,11,08,2019-08-30,11:06,1,一般市町村道,3700,14,単路－その他,1,138.3270555,34.8862222
2,負傷,21,車両相互,1,晴,12,昼－昼,6-9時,3,火,0,33,2019,03,07,09,2019-09-03,07:33,1,一般都道府県道,2416,1,交差点－その他,1,138.3030555,34.8313888
2,負傷,21,車両相互,1,晴,12,昼－昼,15-18時,2,月,0,10,2019,26,16,08,2019-08-26,16:10,1,一般市町村道,3700,7,交差点付近－その他,1,138.2927777,34.8499166
2,負傷,21,車両相互,1,晴,12,昼－昼,9-12時,7,土,0,03,2019,24,10,08,2019-08-24,10:03,1,一般市町村道,3700,1,交差点－その他,1,138.2978055,34.7927222
2,負傷,21,車両相互,2,曇,12,昼－昼,9-12時,4,水,0,16,2019,28,10,08,2019-08-28,10:16,1,一般市町村道,3700,14,単路－その他,1,138.3054722,34.8413333
2,負傷,21,車両相互,1,晴,12,昼－昼,15-18時,3,火,0,40,2019,03,15,09,2019-09-03,15:40,2,一般国道（国道番号）,150,1,交差点－その他,1,138.3056388,34.8776388
2,負傷,21,車両相互,1,晴,12,昼－昼,9-12時,1,日,0,00,2019,01,11,09,2019-09-01,11:00,1,一般都道府県道,2355,14,単路－その他,1,138.3086388,34.7955833
2,負傷,21,車両相互,1,晴,12,昼－昼,12-15時,5,木,0,05,2019,05,12,09,2019-09-05,12:05,1,一般市町村道,3700,1,交差点－その他,1,138.3056666,34.882
2,負傷,21,車両相互,1,晴,12,昼－昼,15-18時,5,木,0,43,2019,05,15,09,2019-09-05,15:43,1,一般市町村道,3700,1,交差点－その他,1,138.3176944,34.8653611
2,負傷,21,車両相互,1,晴,22,夜－夜,21-24時,5,木,0,10,2019,05,22,09,2019-09-05,22:10,2,一般都道府県道,2222,1,交差点－その他,1,138.2860555,34.8618888
2,負傷,21,車両相互,1,晴,12,昼－昼,6-9時,6,金,0,51,2019,06,07,09,2019-09-06,07:51,1,一般市町村道,3700,1,交差点－その他,1,138.2968333,34.8792777
2,負傷,1,人対車両,1,晴,12,昼－昼,9-12時,4,水,0,53,2019,04,09,09,2019-09-04,09:53,1,一般の交通の用に供するその他の道路,9900,0,一般交通の場所,1,138.2996944,34.8754722
2,負傷,21,車両相互,1,晴,12,昼－昼,12-15時,5,木,0,43,2019,29,14,08,2019-08-29,14:43,1,一般国道（国道番号）,150,7,交差点付近－その他,1,138.3199166,34.8822222
2,負傷,21,車両相互,1,晴,21,夜－暮,18-21時,6,金,0,44,2019,06,18,09,2019-09-06,18:44,2,一般市町村道,3700,14,単路－その他,1,138.3061388,34.8833055
2,負傷,21,車両相互,1,晴,12,昼－昼,9-12時,7,土,0,05,2019,07,10,09,2019-09-07,10:05,2,一般国道（国道番号）,150,14,単路－その他,1,138.2994722,34.8528333
2,負傷,21,車両相互,2,曇,22,夜－夜,0-3時,1,日,0,27,2019,08,00,09,2019-09-08,00:27,1,一般市町村道,3700,7,交差点付近－その他,1,138.2963055,34.8775277
2,負傷,21,車両相互,1,晴,23,夜－明,3-6時,1,日,0,19,2019,08,05,09,2019-09-08,05:19,1,一般国道（国道番号）,150,7,交差点付近－その他,1,138.3211666,34.8830555
2,負傷,21,車両相互,1,晴,12,昼－昼,9-12時,1,日,0,30,2019,08,11,09,2019-09-08,11:30,6,一般都道府県道,2222,14,単路－その他,1,138.3053888,34.8636111
2,負傷,21,車両相互,1,晴,12,昼－昼,15-18時,1,日,0,00,2019,08,15,09,2019-09-08,15:00,1,一般市町村道,3700,14,単路－その他,1,138.3079722,34.8435833
2,負傷,21,車両相互,3,雨,21,夜－暮,18-21時,1,日,0,40,2019,08,18,09,2019-09-08,18:40,1,一般市町村道,3700,1,交差点－その他,1,138.2968333,34.8792777
2,負傷,21,車両相互,1,晴,12,昼－昼,6-9時,2,月,0,36,2019,09,07,09,2019-09-09,07:36,1,一般市町村道,3700,14,単路－その他,1,138.2885833,34.8705833
2,負傷,1,人対車両,1,晴,12,昼－昼,6-9時,2,月,0,15,2019,09,07,09,2019-09-09,07:15,1,一般市町村道,3700,14,単路－その他,1,138.3085555,34.8613611
2,負傷,21,車両相互,1,晴,12,昼－昼,6-9時,2,月,0,55,2019,09,07,09,2019-09-09,07:55,1,一般市町村道,3700,1,交差点－その他,1,138.2951944,34.8658333
2,負傷,21,車両相互,1,晴,12,昼－昼,6-9時,2,月,0,21,2019,09,08,09,2019-09-09,08:21,1,一般市町村道,3700,7,交差点付近－その他,1,138.3040277,34.8424444
2,負傷,21,車両相互,1,晴,13,昼－暮,15-18時,5,木,0,20,2019,05,17,09,2019-09-05,17:20,1,一般都道府県道,2227,1,交差点－その他,1,138.2732222,34.8191388
2,負傷,21,車両相互,1,晴,12,昼－昼,6-9時,6,金,0,30,2019,06,08,09,2019-09-06,08:30,2,一般都道府県道,2226,7,交差点付近－その他,1,138.296,34.8378888
2,負傷,21,車両相互,1,晴,12,昼－昼,15-18時,2,月,0,54,2019,09,16,09,2019-09-09,16:54,2,一般市町村道,3700,13,単路－カーブ・屈折,1,138.3253055,34.8518055
2,負傷,1,人対車両,1,晴,12,昼－昼,12-15時,3,火,0,20,2019,10,13,09,2019-09-10,13:20,1,一般市町村道,3700,1,交差点－その他,1,138.3218055,34.8274166
2,負傷,21,車両相互,1,晴,12,昼－昼,12-15時,3,火,0,40,2019,10,14,09,2019-09-10,14:40,1,一般都道府県道,2222,1,交差点－その他,1,138.3146111,34.8637777
2,負傷,21,車両相互,1,晴,13,昼－暮,15-18時,3,火,0,08,2019,10,17,09,2019-09-10,17:08,1,一般市町村道,3700,14,単路－その他,1,138.2726944,34.8120277
2,負傷,21,車両相互,1,晴,12,昼－昼,6-9時,4,水,0,10,2019,11,08,09,2019-09-11,08:10,1,一般市町村道,3700,1,交差点－その他,1,138.3209722,34.8822777
2,負傷,21,車両相互,1,晴,12,昼－昼,6-9時,3,火,0,39,2019,10,08,09,2019-09-10,08:39,2,一般国道（国道番号）,150,7,交差点付近－その他,1,138.2997222,34.8467222
2,負傷,21,車両相互,1,晴,12,昼－昼,12-15時,1,日,0,12,2019,01,12,09,2019-09-01,12:12,2,一般都道府県道,2224,14,単路－その他,1,138.2887777,34.8532777
2,負傷,21,車両相互,1,晴,12,昼－昼,9-12時,5,木,0,00,2019,12,10,09,2019-09-12,10:00,2,主要地方道－都道府県道,1030,7,交差点付近－その他,1,138.3063888,34.8704444
2,負傷,21,車両相互,1,晴,12,昼－昼,12-15時,7,土,0,05,2019,07,12,09,2019-09-07,12:05,2,一般都道府県道,2222,1,交差点－その他,1,138.2853333,34.8618055
2,負傷,21,車両相互,3,雨,12,昼－昼,15-18時,4,水,0,00,2019,11,16,09,2019-09-11,16:00,1,一般市町村道,3700,14,単路－その他,1,138.3083611,34.8498888
2,負傷,1,人対車両,2,曇,21,夜－暮,18-21時,5,木,0,00,2019,12,18,09,2019-09-12,18:00,1,一般市町村道,3700,14,単路－その他,1,138.32375,34.8343055
2,負傷,21,車両相互,2,曇,12,昼－昼,15-18時,6,金,0,30,2019,13,16,09,2019-09-13,16:30,3,一般市町村道,3700,1,交差点－その他,1,138.3235833,34.8274722
2,負傷,21,車両相互,1,晴,12,昼－昼,9-12時,1,日,0,27,2019,15,11,09,2019-09-15,11:27,3,一般市町村道,3700,1,交差点－その他,1,138.2852777,34.8359166
2,負傷,21,車両相互,1,晴,12,昼－昼,15-18時,1,日,0,53,2019,15,15,09,2019-09-15,15:53,1,一般市町村道,3700,1,交差点－その他,1,138.2809166,34.8545277
2,負傷,21,車両相互,1,晴,13,昼－暮,15-18時,6,金,0,47,2019,13,17,09,2019-09-13,17:47,1,その他,9500,14,単路－その他,1,138.2859166,34.8596666
2,負傷,21,車両相互,1,晴,12,昼－昼,6-9時,3,火,0,50,2019,17,07,09,2019-09-17,07:50,1,一般都道府県道,2222,14,単路－その他,1,138.2903888,34.8625
2,負傷,21,車両相互,1,晴,12,昼－昼,9-12時,3,火,0,24,2019,17,11,09,2019-09-17,11:24,1,一般市町村道,3700,1,交差点－その他,1,138.3184722,34.8698333
2,負傷,1,人対車両,1,晴,12,昼－昼,15-18時,6,金,0,10,2019,13,15,09,2019-09-13,15:10,1,一般市町村道,3700,1,交差点－その他,1,138.3261666,34.8405277
2,負傷,21,車両相互,1,晴,12,昼－昼,9-12時,3,火,0,20,2019,17,10,09,2019-09-17,10:20,1,一般市町村道,3700,1,交差点－その他,1,138.2883333,34.8575
2,負傷,21,車両相互,1,晴,21,夜－暮,18-21時,3,火,0,00,2019,17,18,09,2019-09-17,18:00,1,一般市町村道,3700,14,単路－その他,1,138.3339166,34.8389722
2,負傷,21,車両相互,1,晴,12,昼－昼,9-12時,5,木,0,35,2019,12,11,09,2019-09-12,11:35,1,一般市町村道,3700,1,交差点－その他,1,138.3168055,34.8742222
2,負傷,21,車両相互,1,晴,12,昼－昼,15-18時,7,土,0,07,2019,14,15,09,2019-09-14,15:07,2,一般市町村道,3700,14,単路－その他,1,138.3079722,34.84175
2,負傷,21,車両相互,3,雨,22,夜－夜,18-21時,4,水,0,12,2019,18,19,09,2019-09-18,19:12,1,一般国道（国道番号）,150,1,交差点－その他,1,138.3107777,34.8789444
2,負傷,21,車両相互,3,雨,13,昼－暮,15-18時,3,火,0,53,2019,27,17,08,2019-08-27,17:53,1,一般都道府県道,2213,7,交差点付近－その他,1,138.2871388,34.8617222
2,負傷,21,車両相互,1,晴,13,昼－暮,15-18時,4,水,0,09,2019,04,17,09,2019-09-04,17:09,1,一般市町村道,3700,7,交差点付近－その他,1,138.3191111,34.817
2,負傷,21,車両相互,1,晴,12,昼－昼,12-15時,2,月,0,15,2019,09,12,09,2019-09-09,12:15,1,一般国道（国道番号）,150,7,交差点付近－その他,1,138.3206111,34.8827222
2,負傷,21,車両相互,1,晴,22,夜－夜,21-24時,5,木,0,37,2019,19,23,09,2019-09-19,23:37,1,一般市町村道,3700,7,交差点付近－その他,1,138.3083055,34.8506111
2,負傷,21,車両相互,1,晴,12,昼－昼,9-12時,6,金,0,10,2019,20,11,09,2019-09-20,11:10,2,一般市町村道,3700,7,交差点付近－その他,1,138.3089166,34.8864166
2,負傷,21,車両相互,1,晴,12,昼－昼,9-12時,7,土,0,15,2019,14,10,09,2019-09-14,10:15,1,一般国道（国道番号）,150,7,交差点付近－その他,1,138.3005,34.8660833
2,負傷,21,車両相互,1,晴,21,夜－暮,18-21時,6,金,0,32,2019,20,18,09,2019-09-20,18:32,6,一般国道（国道番号）,150,14,単路－その他,1,138.3008611,34.864
2,負傷,21,車両相互,1,晴,12,昼－昼,12-15時,2,月,0,34,2019,02,14,09,2019-09-02,14:34,1,主要地方道－都道府県道,1030,1,交差点－その他,1,138.2836944,34.8713055
2,負傷,21,車両相互,2,曇,12,昼－昼,9-12時,7,土,0,43,2019,21,11,09,2019-09-21,11:43,2,一般都道府県道,2224,14,単路－その他,1,138.2886388,34.8551944
2,負傷,1,人対車両,1,晴,12,昼－昼,15-18時,6,金,0,10,2019,20,16,09,2019-09-20,16:10,1,一般市町村道,3700,1,交差点－その他,1,138.3058611,34.8595277
2,負傷,21,車両相互,2,曇,12,昼－昼,12-15時,7,土,0,05,2019,21,12,09,2019-09-21,12:05,1,一般市町村道,3700,1,交差点－その他,1,138.319,34.8826111
2,負傷,21,車両相互,2,曇,12,昼－昼,12-15時,5,木,0,30,2019,12,14,09,2019-09-12,14:30,1,一般市町村道,3700,14,単路－その他,1,138.3151388,34.8668055
2,負傷,1,人対車両,2,曇,21,夜－暮,18-21時,7,土,0,10,2019,21,18,09,2019-09-21,18:10,1,一般の交通の用に供するその他の道路,9900,0,一般交通の場所,1,138.2848611,34.85225
2,負傷,21,車両相互,1,晴,12,昼－昼,6-9時,3,火,0,40,2019,24,07,09,2019-09-24,07:40,1,一般都道府県道,2355,14,単路－その他,1,138.3286388,34.8211944
2,負傷,21,車両相互,1,晴,12,昼－昼,6-9時,4,水,0,36,2019,25,08,09,2019-09-25,08:36,1,一般市町村道,3700,1,交差点－その他,1,138.3149722,34.8745277
2,負傷,21,車両相互,1,晴,12,昼－昼,12-15時,4,水,0,50,2019,25,12,09,2019-09-25,12:50,1,一般市町村道,3700,14,単路－その他,1,138.2973888,34.866
2,負傷,21,車両相互,1,晴,12,昼－昼,6-9時,4,水,0,10,2019,04,08,09,2019-09-04,08:10,1,一般都道府県道,2222,7,交差点付近－その他,1,138.3186666,34.8636388
2,負傷,21,車両相互,1,晴,12,昼－昼,6-9時,5,木,0,47,2019,26,06,09,2019-09-26,06:47,1,一般国道（国道番号）,150,1,交差点－その他,1,138.2996111,34.8525833
2,負傷,1,人対車両,1,晴,12,昼－昼,12-15時,5,木,0,30,2019,26,12,09,2019-09-26,12:30,1,一般市町村道,3700,1,交差点－その他,1,138.2989444,34.8541111
2,負傷,21,車両相互,1,晴,12,昼－昼,9-12時,7,土,0,43,2019,31,09,08,2019-08-31,09:43,1,一般国道（国道番号）,150,14,単路－その他,1,138.2723888,34.81025
2,負傷,21,車両相互,1,晴,12,昼－昼,15-18時,4,水,0,15,2019,11,15,09,2019-09-11,15:15,1,一般国道（国道番号）,150,1,交差点－その他,1,138.2994444,34.8513055
2,負傷,21,車両相互,2,曇,22,夜－夜,18-21時,6,金,0,24,2019,27,20,09,2019-09-27,20:24,1,一般都道府県道,2222,1,交差点－その他,1,138.2870555,34.8620555
2,負傷,21,車両相互,1,晴,21,夜－暮,15-18時,1,日,0,56,2019,29,17,09,2019-09-29,17:56,2,一般都道府県道,2416,14,単路－その他,1,138.3179722,34.8574722
2,負傷,21,車両相互,1,晴,12,昼－昼,9-12時,6,金,0,15,2019,27,09,09,2019-09-27,09:15,1,一般都道府県道,2416,14,単路－その他,1,138.3178333,34.84275
2,負傷,21,車両相互,1,晴,12,昼－昼,6-9時,2,月,0,52,2019,30,07,09,2019-09-30,07:52,1,一般市町村道,3700,1,交差点－その他,1,138.2803055,34.8686111
2,負傷,1,人対車両,1,晴,12,昼－昼,9-12時,2,月,0,43,2019,30,11,09,2019-09-30,11:43,1,一般都道府県道,2416,1,交差点－その他,1,138.3227222,34.8713333
2,負傷,21,車両相互,3,雨,12,昼－昼,15-18時,1,日,0,41,2019,22,16,09,2019-09-22,16:41,1,一般市町村道,3700,7,交差点付近－その他,1,138.3009722,34.8363333
2,負傷,21,車両相互,2,曇,12,昼－昼,9-12時,3,火,0,18,2019,24,10,09,2019-09-24,10:18,1,一般国道（国道番号）,150,14,単路－その他,1,138.3252222,34.88675
2,負傷,21,車両相互,1,晴,12,昼－昼,12-15時,2,月,0,59,2019,30,14,09,2019-09-30,14:59,1,一般市町村道,3700,1,交差点－その他,1,138.3287222,34.8309722
2,負傷,1,人対車両,2,曇,22,夜－夜,18-21時,2,月,0,38,2019,30,18,09,2019-09-30,18:38,1,一般市町村道,3700,14,単路－その他,1,138.3025,34.8624444
2,負傷,21,車両相互,2,曇,12,昼－昼,6-9時,3,火,0,27,2019,01,07,10,2019-10-01,07:27,1,一般市町村道,3700,14,単路－その他,1,138.2539722,34.8158611
2,負傷,21,車両相互,1,晴,12,昼－昼,12-15時,3,火,0,15,2019,01,13,10,2019-10-01,13:15,1,一般市町村道,3700,1,交差点－その他,1,138.3046388,34.8801944
2,負傷,21,車両相互,2,曇,22,夜－夜,21-24時,2,月,0,30,2019,16,22,09,2019-09-16,22:30,1,一般都道府県道,2224,7,交差点付近－その他,1,138.2831388,34.8658055
2,負傷,21,車両相互,1,晴,21,夜－暮,15-18時,3,火,0,58,2019,01,17,10,2019-10-01,17:58,1,一般国道（国道番号）,150,14,単路－その他,1,138.3355833,34.8973611
2,負傷,21,車両相互,2,曇,22,夜－夜,18-21時,5,木,0,00,2019,26,20,09,2019-09-26,20:00,1,一般市町村道,3700,14,単路－その他,1,138.3115833,34.8354166