事故内容,事故内容区分,事故類型,事故類型区分,天候,天候区分,昼夜,昼夜区分,時間帯区分,曜日(発生年月日),曜日区分,死者数,発生日時　　分,発生日時　　年,発生日時　　日,発生日時　　時,発生日時　　月,発生日時（年月日）,発生日時（時間）,負傷者数,路線,路線コード,道路形状,道路形状区分,件数,経度,緯度
2,負傷,21,車両相互,1,晴,12,昼－昼,12-15時,4,水,0,12,2019,04,13,09,2019-09-04,13:12,2,一般都道府県道,2416,1,交差点－その他,1,138.3228055,34.8713055
2,負傷,21,車両相互,1,晴,12,昼－昼,9-12時,4,水,0,00,2019,02,10,10,2019-10-02,10:00,1,一般市町村道,3700,1,交差点－その他,1,138.30925,34.8603055
2,負傷,21,車両相互,1,晴,12,昼－昼,9-12時,4,水,0,00,2019,02,09,10,2019-10-02,09:00,1,一般の交通の用に供するその他の道路,9900,0,一般交通の場所,1,138.3187777,34.8170833
2,負傷,21,車両相互,2,曇,22,夜－夜,18-21時,4,水,0,17,2019,02,19,10,2019-10-02,19:17,1,一般市町村道,3700,7,交差点付近－その他,1,138.2952222,34.8538611
2,負傷,21,車両相互,1,晴,12,昼－昼,9-12時,5,木,0,38,2019,03,11,10,2019-10-03,11:38,1,一般市町村道,3700,7,交差点付近－その他,1,138.3045555,34.8801111
2,負傷,21,車両相互,1,晴,12,昼－昼,6-9時,3,火,0,00,2019,24,08,09,2019-09-24,08:00,1,一般市町村道,3700,1,交差点－その他,1,138.3110277,34.8163333
2,負傷,21,車両相互,1,晴,12,昼－昼,9-12時,6,金,0,15,2019,04,11,10,2019-10-04,11:15,1,主要地方道－都道府県道,1031,7,交差点付近－その他,1,138.3174444,34.8401111
2,負傷,21,車両相互,3,雨,12,昼－昼,6-9時,2,月,0,06,2019,23,07,09,2019-09-23,07:06,1,一般国道（国道番号）,150,7,交差点付近－その他,1,138.3338611,34.8953333
2,負傷,1,人対車両,1,晴,22,夜－夜,18-21時,6,金,0,15,2019,04,19,10,2019-10-04,19:15,1,一般国道（国道番号）,150,1,交差点－その他,1,138.3170555,34.8806111
2,負傷,1,人対車両,1,晴,22,夜－夜,18-21時,6,金,0,15,2019,04,20,10,2019-10-04,20:15,1,一般都道府県道,2224,14,単路－その他,1,138.28925,34.8501388
2,負傷,21,車両相互,1,晴,12,昼－昼,6-9時,7,土,0,40,2019,05,07,10,2019-10-05,07:40,1,主要地方道－都道府県道,1031,1,交差点－その他,1,138.3181944,34.8234722
2,負傷,21,車両相互,1,晴,12,昼－昼,9-12時,7,土,0,41,2019,05,09,10,2019-10-05,09:41,1,一般市町村道,3700,1,交差点－その他,1,138.3253333,34.8297777
2,負傷,21,車両相互,1,晴,12,昼－昼,12-15時,7,土,0,35,2019,05,14,10,2019-10-05,14:35,2,一般国道（国道番号）,150,14,単路－その他,1,138.3327777,34.8944166
2,負傷,21,車両相互,1,晴,13,昼－暮,15-18時,7,土,0,02,2019,05,17,10,2019-10-05,17:02,1,一般市町村道,3700,14,単路－その他,1,138.3016666,34.84225
2,負傷,21,車両相互,1,晴,22,夜－夜,21-24時,7,土,0,36,2019,05,23,10,2019-10-05,23:36,2,主要地方道－都道府県道,1033,14,単路－その他,1,138.2726388,34.8201388
2,負傷,21,車両相互,2,曇,22,夜－夜,18-21時,2,月,0,30,2019,07,18,10,2019-10-07,18:30,2,一般都道府県道,2224,14,単路－その他,1,138.2909722,34.8469166
2,負傷,21,車両相互,3,雨,22,夜－夜,18-21時,2,月,0,45,2019,07,19,10,2019-10-07,19:45,1,一般国道（国道番号）,150,1,交差点－その他,1,138.3000555,34.8421388
2,負傷,21,車両相互,1,晴,22,夜－夜,18-21時,5,木,0,50,2019,26,19,09,2019-09-26,19:50,1,一般市町村道,3700,14,単路－その他,1,138.308,34.8446388
2,負傷,21,車両相互,1,晴,12,昼－昼,12-15時,7,土,0,28,2019,14,12,09,2019-09-14,12:28,2,一般市町村道,3700,1,交差点－その他,1,138.3061944,34.8797222
2,負傷,21,車両相互,2,曇,12,昼－昼,9-12時,3,火,0,30,2019,24,09,09,2019-09-24,09:30,1,一般の交通の用に供するその他の道路,9900,0,一般交通の場所,1,138.31175,34.8524166
2,負傷,21,車両相互,1,晴,12,昼－昼,12-15時,5,木,0,32,2019,10,12,10,2019-10-10,12:32,1,一般市町村道,3700,14,単路－その他,1,138.3059166,34.8704166
2,負傷,21,車両相互,1,晴,22,夜－夜,21-24時,5,木,0,55,2019,10,21,10,2019-10-10,21:55,1,一般市町村道,3700,1,交差点－その他,1,138.3141111,34.8584166
2,負傷,21,車両相互,2,曇,12,昼－昼,12-15時,6,金,0,45,2019,11,13,10,2019-10-11,13:45,1,一般国道（国道番号）,150,14,単路－その他,1,138.3009722,34.8584166
2,負傷,21,車両相互,2,曇,12,昼－昼,15-18時,6,金,0,37,2019,11,15,10,2019-10-11,15:37,1,一般市町村道,3700,7,交差点付近－その他,1,138.2571944,34.8221944
2,負傷,21,車両相互,1,晴,12,昼－昼,9-12時,1,日,0,30,2019,13,10,10,2019-10-13,10:30,1,一般都道府県道,2416,1,交差点－その他,1,138.3113611,34.8372777
2,負傷,21,車両相互,1,晴,13,昼－暮,15-18時,1,日,0,15,2019,13,16,10,2019-10-13,16:15,1,一般市町村道,3700,1,交差点－その他,1,138.2816944,34.7877777
2,負傷,21,車両相互,2,曇,12,昼－昼,9-12時,2,月,0,00,2019,14,09,10,2019-10-14,09:00,1,一般市町村道,3700,1,交差点－その他,1,138.2979444,34.8520277
2,負傷,21,車両相互,2,曇,12,昼－昼,6-9時,2,月,0,42,2019,14,08,10,2019-10-14,08:42,1,一般市町村道,3700,14,単路－その他,1,138.30775,34.8481111
2,負傷,21,車両相互,2,曇,12,昼－昼,9-12時,3,火,0,28,2019,15,09,10,2019-10-15,09:28,1,一般国道（国道番号）,150,7,交差点付近－その他,1,138.3010277,34.8593611
2,負傷,21,車両相互,3,雨,21,夜－暮,15-18時,3,火,0,42,2019,15,17,10,2019-10-15,17:42,1,一般市町村道,3700,1,交差点－その他,1,138.2797222,34.8537222
2,負傷,21,車両相互,3,雨,21,夜－暮,15-18時,3,火,0,26,2019,15,17,10,2019-10-15,17:26,2,一般都道府県道,2222,1,交差点－その他,1,138.293,34.8631388
2,負傷,21,車両相互,3,雨,22,夜－夜,18-21時,3,火,0,15,2019,15,18,10,2019-10-15,18:15,2,主要地方道－都道府県道,1034,12,単路－橋,1,138.2459444,34.8083055
2,負傷,21,車両相互,1,晴,12,昼－昼,15-18時,5,木,0,12,2019,10,15,10,2019-10-10,15:12,1,一般都道府県道,2222,7,交差点付近－その他,1,138.2893611,34.8623888
2,負傷,21,車両相互,2,曇,12,昼－昼,6-9時,4,水,0,10,2019,16,07,10,2019-10-16,07:10,3,一般市町村道,3700,1,交差点－その他,1,138.2535277,34.8200555
2,負傷,21,車両相互,2,曇,12,昼－昼,6-9時,4,水,0,45,2019,16,08,10,2019-10-16,08:45,1,一般都道府県道,2227,1,交差点－その他,1,138.2683888,34.8203055
2,負傷,21,車両相互,2,曇,12,昼－昼,12-15時,4,水,0,40,2019,16,14,10,2019-10-16,14:40,1,一般市町村道,3700,1,交差点－その他,1,138.2886111,34.8545555
2,負傷,21,車両相互,1,晴,12,昼－昼,9-12時,7,土,0,20,2019,05,10,10,2019-10-05,10:20,1,主要地方道－都道府県道,1081,14,単路－その他,1,138.3081944,34.8801111
2,負傷,21,車両相互,3,雨,13,昼－暮,15-18時,5,木,0,40,2019,17,16,10,2019-10-17,16:40,1,一般市町村道,3700,14,単路－その他,1,138.3083333,34.8511111
2,負傷,21,車両相互,3,雨,12,昼－昼,6-9時,6,金,0,03,2019,18,08,10,2019-10-18,08:03,1,一般市町村道,3700,1,交差点－その他,1,138.3195555,34.8536388
2,負傷,21,車両相互,3,雨,12,昼－昼,9-12時,6,金,0,08,2019,18,09,10,2019-10-18,09:08,1,一般の交通の用に供するその他の道路,9900,0,一般交通の場所,1,138.3263611,34.82325
2,負傷,21,車両相互,3,雨,12,昼－昼,9-12時,6,金,0,18,2019,18,09,10,2019-10-18,09:18,1,一般都道府県道,2224,14,単路－その他,1,138.2884166,34.8577222
2,負傷,21,車両相互,3,雨,22,夜－夜,21-24時,6,金,0,56,2019,18,23,10,2019-10-18,23:56,2,一般市町村道,3700,14,単路－その他,1,138.2831111,34.8588333
2,負傷,21,車両相互,3,雨,12,昼－昼,9-12時,7,土,0,30,2019,19,11,10,2019-10-19,11:30,2,一般市町村道,3700,14,単路－その他,1,138.3028888,34.8541111
2,負傷,21,車両相互,2,曇,12,昼－昼,12-15時,1,日,0,48,2019,20,13,10,2019-10-20,13:48,1,一般都道府県道,2416,7,交差点付近－その他,1,138.3080833,34.8358888
2,負傷,21,車両相互,2,曇,12,昼－昼,9-12時,7,土,0,30,2019,19,10,10,2019-10-19,10:30,1,一般市町村道,3700,14,単路－その他,1,138.3218333,34.8374722
2,負傷,1,人対車両,3,雨,22,夜－夜,21-24時,2,月,0,20,2019,21,21,10,2019-10-21,21:20,1,主要地方道－都道府県道,1033,1,交差点－その他,1,138.2729166,34.8200277
2,負傷,1,人対車両,3,雨,22,夜－夜,0-3時,3,火,0,15,2019,22,00,10,2019-10-22,00:15,1,一般市町村道,3700,14,単路－その他,1,138.31825,34.8715555
2,負傷,21,車両相互,2,曇,21,夜－暮,15-18時,3,火,0,44,2019,22,17,10,2019-10-22,17:44,1,一般市町村道,3700,1,交差点－その他,1,138.2950833,34.8333055
2,負傷,21,車両相互,1,晴,12,昼－昼,12-15時,4,水,0,50,2019,23,13,10,2019-10-23,13:50,1,一般市町村道,3700,1,交差点－その他,1,138.2880277,34.7821944
2,負傷,21,車両相互,1,晴,12,昼－昼,12-15時,4,水,0,02,2019,23,14,10,2019-10-23,14:02,1,一般市町村道,3700,7,交差点付近－その他,1,138.2825555,34.8121944
2,負傷,21,車両相互,1,晴,22,夜－夜,18-21時,4,水,0,12,2019,23,18,10,2019-10-23,18:12,1,一般市町村道,3700,14,単路－その他,1,138.2664722,34.8161111
2,負傷,21,車両相互,2,曇,12,昼－昼,6-9時,5,木,0,20,2019,24,08,10,2019-10-24,08:20,1,一般国道（国道番号）,150,14,単路－その他,1,138.3323611,34.8939722
2,負傷,21,車両相互,2,曇,22,夜－夜,18-21時,7,土,0,46,2019,19,18,10,2019-10-19,18:46,1,一般市町村道,3700,7,交差点付近－その他,1,138.2834444,34.8551666
2,負傷,21,車両相互,2,曇,22,夜－夜,18-21時,7,土,0,09,2019,19,19,10,2019-10-19,19:09,2,一般市町村道,3700,7,交差点付近－その他,1,138.3082777,34.8426666
2,負傷,21,車両相互,2,曇,12,昼－昼,9-12時,2,月,0,35,2019,14,11,10,2019-10-14,11:35,1,一般市町村道,3700,1,交差点－その他,1,138.3128888,34.8726388
2,負傷,1,人対車両,2,曇,12,昼－昼,12-15時,5,木,0,10,2019,24,13,10,2019-10-24,13:10,1,一般市町村道,3700,1,交差点－その他,1,138.3109444,34.8599444
2,負傷,21,車両相互,2,曇,12,昼－昼,9-12時,6,金,0,50,2019,11,11,10,2019-10-11,11:50,1,一般国道（国道番号）,150,14,単路－その他,1,138.2996388,34.8690277
2,負傷,41,車両単独,2,曇,22,夜－夜,18-21時,6,金,0,00,2019,25,19,10,2019-10-25,19:00,1,一般市町村道,3700,14,単路－その他,1,138.3187777,34.8478888
2,負傷,1,人対車両,2,曇,22,夜－夜,18-21時,6,金,0,30,2019,25,18,10,2019-10-25,18:30,1,一般国道（国道番号）,150,1,交差点－その他,1,138.3074722,34.8781388
2,負傷,21,車両相互,2,曇,12,昼－昼,12-15時,7,土,0,00,2019,26,14,10,2019-10-26,14:00,2,一般市町村道,3700,7,交差点付近－その他,1,138.2868611,34.7895833
2,負傷,21,車両相互,1,晴,13,昼－暮,15-18時,7,土,0,12,2019,26,16,10,2019-10-26,16:12,1,一般国道（国道番号）,150,7,交差点付近－その他,1,138.3011666,34.8596666
2,負傷,21,車両相互,2,曇,13,昼－暮,15-18時,7,土,0,59,2019,26,15,10,2019-10-26,15:59,1,一般市町村道,3700,7,交差点付近－その他,1,138.3011388,34.8597777
2,負傷,21,車両相互,2,曇,12,昼－昼,12-15時,1,日,0,40,2019,27,13,10,2019-10-27,13:40,1,一般市町村道,3700,1,交差点－その他,1,138.3025277,34.7915
2,負傷,41,車両単独,2,曇,12,昼－昼,12-15時,3,火,0,55,2019,22,12,10,2019-10-22,12:55,1,一般都道府県道,2355,14,単路－その他,1,138.3251666,34.8159444
2,負傷,1,人対車両,1,晴,21,夜－暮,15-18時,2,月,0,55,2019,28,17,10,2019-10-28,17:55,1,一般市町村道,3700,14,単路－その他,1,138.3089444,34.8898888
2,負傷,21,車両相互,1,晴,22,夜－夜,18-21時,2,月,0,08,2019,28,19,10,2019-10-28,19:08,1,主要地方道－都道府県道,1081,1,交差点－その他,1,138.3163333,34.8677777
2,負傷,21,車両相互,3,雨,12,昼－昼,6-9時,3,火,0,37,2019,29,07,10,2019-10-29,07:37,3,一般市町村道,3700,1,交差点－その他,1,138.2983611,34.8611666
2,負傷,21,車両相互,3,雨,12,昼－昼,6-9時,6,金,0,16,2019,25,08,10,2019-10-25,08:16,1,一般市町村道,3700,7,交差点付近－その他,1,138.308,34.8415277
2,負傷,21,車両相互,3,雨,12,昼－昼,12-15時,3,火,0,33,2019,29,13,10,2019-10-29,13:33,1,一般市町村道,3700,14,単路－その他,1,138.30625,34.8342222
2,負傷,1,人対車両,3,雨,12,昼－昼,12-15時,3,火,0,23,2019,29,14,10,2019-10-29,14:23,1,一般市町村道,3700,1,交差点－その他,1,138.3171666,34.8538888
2,負傷,21,車両相互,2,曇,22,夜－夜,18-21時,4,水,0,30,2019,23,19,10,2019-10-23,19:30,1,一般市町村道,3700,14,単路－その他,1,138.2986944,34.8593333
2,負傷,21,車両相互,1,晴,21,夜－暮,15-18時,5,木,0,53,2019,10,17,10,2019-10-10,17:53,1,一般国道（国道番号）,150,14,単路－その他,1,138.3004166,34.8561111
2,負傷,21,車両相互,1,晴,22,夜－夜,18-21時,5,木,0,02,2019,10,19,10,2019-10-10,19:02,1,一般国道（国道番号）,150,1,交差点－その他,1,138.2996388,34.8686666
2,負傷,21,車両相互,3,雨,12,昼－昼,15-18時,6,金,0,25,2019,25,15,10,2019-10-25,15:25,1,一般国道（国道番号）,150,7,交差点付近－その他,1,138.2716666,34.8096388
2,負傷,21,車両相互,1,晴,12,昼－昼,9-12時,6,金,0,55,2019,04,11,10,2019-10-04,11:55,1,一般国道（国道番号）,150,7,交差点付近－その他,1,138.2995833,34.8745555
2,負傷,21,車両相互,1,晴,12,昼－昼,12-15時,4,水,0,05,2019,30,13,10,2019-10-30,13:05,2,一般市町村道,3700,1,交差点－その他,1,138.2852777,34.8036944
2,負傷,21,車両相互,1,晴,12,昼－昼,9-12時,4,水,0,25,2019,30,11,10,2019-10-30,11:25,1,一般市町村道,3700,7,交差点付近－その他,1,138.3230833,34.8431666
2,負傷,21,車両相互,1,晴,21,夜－暮,15-18時,2,月,0,53,2019,28,17,10,2019-10-28,17:53,1,一般の交通の用に供するその他の道路,9900,0,一般交通の場所,1,138.3180555,34.8431944
2,負傷,21,車両相互,3,雨,12,昼－昼,6-9時,6,金,0,39,2019,25,07,10,2019-10-25,07:39,1,一般都道府県道,2222,7,交差点付近－その他,1,138.2862777,34.8628333
2,負傷,21,車両相互,1,晴,12,昼－昼,15-18時,5,木,0,34,2019,31,15,10,2019-10-31,15:34,1,一般市町村道,3700,1,交差点－その他,1,138.3096666,34.8606944
2,負傷,21,車両相互,1,晴,12,昼－昼,15-18時,5,木,0,30,2019,31,15,10,2019-10-31,15:30,1,一般市町村道,3700,1,交差点－その他,1,138.3230277,34.8645555
2,負傷,21,車両相互,1,晴,21,夜－暮,15-18時,5,木,0,30,2019,31,17,10,2019-10-31,17:30,1,一般市町村道,3700,1,交差点－その他,1,138.3071111,34.8628888
2,負傷,21,車両相互,2,曇,12,昼－昼,6-9時,3,火,0,40,2019,15,07,10,2019-10-15,07:40,1,一般都道府県道,2222,14,単路－その他,1,138.2885833,34.8623333
2,負傷,21,車両相互,1,晴,12,昼－昼,6-9時,7,土,0,30,2019,02,07,11,2019-11-02,07:30,1,主要地方道－都道府県道,1031,14,単路－その他,1,138.3168611,34.8208333
2,負傷,41,車両単独,1,晴,12,昼－昼,9-12時,7,土,0,22,2019,02,10,11,2019-11-02,10:22,1,一般の交通の用に供するその他の道路,9900,0,一般交通の場所,1,138.31075,34.8396388
2,負傷,21,車両相互,1,晴,12,昼－昼,12-15時,5,木,0,40,2019,31,12,10,2019-10-31,12:40,1,一般国道（国道番号）,150,14,単路－その他,1,138.3009722,34.85875
2,負傷,21,車両相互,2,曇,12,昼－昼,6-9時,1,日,0,55,2019,03,07,11,2019-11-03,07:55,1,一般市町村道,3700,1,交差点－その他,1,138.3145277,34.8618611
2,負傷,21,車両相互,1,晴,12,昼－昼,9-12時,1,日,0,15,2019,03,11,11,2019-11-03,11:15,4,一般国道（国道番号）,150,14,単路－その他,1,138.3311944,34.8928055
2,負傷,21,車両相互,1,晴,12,昼－昼,9-12時,2,月,0,55,2019,04,10,11,2019-11-04,10:55,2,一般市町村道,3700,14,単路－その他,1,138.3056944,34.8768333
2,負傷,21,車両相互,1,晴,12,昼－昼,6-9時,6,金,0,37,2019,01,07,11,2019-11-01,07:37,1,一般都道府県道,2224,7,交差点付近－その他,1,138.2839166,34.8650833
2,負傷,21,車両相互,1,晴,12,昼－昼,6-9時,1,日,0,30,2019,13,07,10,2019-10-13,07:30,1,一般国道（国道番号）,150,7,交差点付近－その他,1,138.29925,34.8686944
2,負傷,21,車両相互,1,晴,12,昼－昼,9-12時,3,火,0,48,2019,05,10,11,2019-11-05,10:48,1,一般市町村道,3700,7,交差点付近－その他,1,138.2846666,34.7913888
2,負傷,21,車両相互,1,晴,12,昼－昼,9-12時,3,火,0,30,2019,05,09,11,2019-11-05,09:30,2,一般国道（国道番号）,150,1,交差点－その他,1,138.29975,34.8746944
2,負傷,21,車両相互,1,晴,12,昼－昼,15-18時,3,火,0,35,2019,05,15,11,2019-11-05,15:35,1,一般市町村道,3700,7,交差点付近－その他,1,138.3079444,34.8615833
2,負傷,21,車両相互,1,晴,21,夜－暮,15-18時,3,火,0,35,2019,05,17,11,2019-11-05,17:35,2,一般市町村道,3700,7,交差点付近－その他,1,138.3085,34.8398055
2,負傷,21,車両相互,1,晴,22,夜－夜,21-24時,3,火,0,25,2019,05,21,11,2019-11-05,21:25,1,一般国道（国道番号）,150,1,交差点－その他,1,138.3008611,34.8571666
2,負傷,21,車両相互,1,晴,12,昼－昼,6-9時,4,水,0,48,2019,06,07,11,2019-11-06,07:48,1,一般市町村道,3700,1,交差点－その他,1,138.3080555,34.8854722
2,負傷,21,車両相互,1,晴,12,昼－昼,12-15時,3,火,0,46,2019,05,12,11,2019-11-05,12:46,1,一般市町村道,3700,1,交差点－その他,1,138.2852777,34.8037222
2,負傷,21,車両相互,1,晴,13,昼－暮,15-18時,4,水,0,00,2019,06,16,11,2019-11-06,16:00,1,一般市町村道,3700,14,単路－その他,1,138.307,34.8654722
2,負傷,1,人対車両,1,晴,11,昼－明,6-9時,5,木,0,15,2019,07,06,11,2019-11-07,06:15,1,主要地方道－都道府県道,1081,1,交差点－その他,1,138.3116111,34.8780277
2,負傷,21,車両相互,1,晴,12,昼－昼,9-12時,5,木,0,16,2019,07,09,11,2019-11-07,09:16,2,一般都道府県道,2227,1,交差点－その他,1,138.2801944,34.8145555
2,負傷,1,人対車両,1,晴,11,昼－明,6-9時,5,木,0,00,2019,07,07,11,2019-11-07,07:00,1,一般都道府県道,2355,14,単路－その他,1,138.3293888,34.8434444
2,負傷,21,車両相互,1,晴,12,昼－昼,9-12時,6,金,0,17,2019,08,10,11,2019-11-08,10:17,1,一般市町村道,3700,1,交差点－その他,1,138.3231666,34.8306111
2,負傷,21,車両相互,1,晴,12,昼－昼,12-15時,6,金,0,15,2019,08,14,11,2019-11-08,14:15,1,一般国道（国道番号）,150,12,単路－橋,1,138.3322222,34.8938333
2,負傷,21,車両相互,1,晴,12,昼－昼,12-15時,6,金,0,53,2019,08,14,11,2019-11-08,14:53,1,一般市町村道,3700,1,交差点－その他,1,138.3044166,34.8413333
2,負傷,21,車両相互,1,晴,22,夜－夜,0-3時,7,土,0,35,2019,09,01,11,2019-11-09,01:35,1,一般市町村道,3700,7,交差点付近－その他,1,138.2870555,34.8496111
2,負傷,21,車両相互,2,曇,12,昼－昼,9-12時,7,土,0,45,2019,09,09,11,2019-11-09,09:45,1,一般市町村道,3700,14,単路－その他,1,138.3083611,34.8516388
2,負傷,21,車両相互,1,晴,12,昼－昼,12-15時,7,土,0,35,2019,09,14,11,2019-11-09,14:35,1,一般市町村道,3700,1,交差点－その他,1,138.2924722,34.8682777
2,負傷,21,車両相互,1,晴,22,夜－夜,18-21時,7,土,0,26,2019,09,18,11,2019-11-09,18:26,1,一般市町村道,3700,1,交差点－その他,1,138.2900555,34.8535
2,負傷,1,人対車両,1,晴,11,昼－明,6-9時,2,月,0,10,2019,11,07,11,2019-11-11,07:10,1,一般市町村道,3700,14,単路－その他,1,138.2718888,34.8106944
2,負傷,21,車両相互,2,曇,12,昼－昼,9-12時,2,月,0,00,2019,11,11,11,2019-11-11,11:00,1,一般都道府県道,2416,1,交差点－その他,1,138.3273611,34.8775277
2,負傷,21,車両相互,1,晴,12,昼－昼,9-12時,2,月,0,12,2019,11,10,11,2019-11-11,10:12,1,一般国道（国道番号）,150,7,交差点付近－その他,1,138.3011388,34.8598888
2,負傷,21,車両相互,1,晴,21,夜－暮,15-18時,2,月,0,00,2019,11,17,11,2019-11-11,17:00,1,私道,9000,0,一般交通の場所,1,138.3250555,34.8382777
2,負傷,1,人対車両,1,晴,23,夜－明,3-6時,3,火,0,43,2019,12,05,11,2019-11-12,05:43,1,一般市町村道,3700,1,交差点－その他,1,138.3167222,34.8746388
2,負傷,21,車両相互,1,晴,12,昼－昼,9-12時,3,火,0,11,2019,12,10,11,2019-11-12,10:11,2,主要地方道－都道府県道,1030,14,単路－その他,1,138.3190277,34.8670277
2,負傷,21,車両相互,1,晴,21,夜－暮,15-18時,6,金,0,49,2019,01,17,11,2019-11-01,17:49,1,一般国道（国道番号）,150,14,単路－その他,1,138.2995277,34.8531666
2,負傷,1,人対車両,1,晴,22,夜－夜,18-21時,3,火,0,15,2019,12,18,11,2019-11-12,18:15,1,一般都道府県道,2222,1,交差点－その他,1,138.2891111,34.8623611
2,負傷,21,車両相互,1,晴,12,昼－昼,9-12時,4,水,0,30,2019,13,10,11,2019-11-13,10:30,1,一般市町村道,3700,1,交差点－その他,1,138.2998333,34.8594166
2,負傷,21,車両相互,1,晴,12,昼－昼,6-9時,6,金,0,03,2019,08,08,11,2019-11-08,08:03,1,一般国道（国道番号）,150,14,単路－その他,1,138.3318888,34.8934166
2,負傷,21,車両相互,2,曇,12,昼－昼,6-9時,5,木,0,25,2019,14,07,11,2019-11-14,07:25,1,一般都道府県道,2224,14,単路－その他,1,138.2859166,34.8630833
2,負傷,21,車両相互,2,曇,22,夜－夜,21-24時,4,水,0,30,2019,13,22,11,2019-11-13,22:30,1,一般市町村道,3700,14,単路－その他,1,138.3230277,34.8320555
2,負傷,21,車両相互,1,晴,21,夜－暮,15-18時,5,木,0,28,2019,14,17,11,2019-11-14,17:28,1,一般国道（国道番号）,150,14,単路－その他,1,138.3009444,34.8583611
2,負傷,21,車両相互,1,晴,21,夜－暮,15-18時,5,木,0,10,2019,14,17,11,2019-11-14,17:10,1,一般市町村道,3700,1,交差点－その他,1,138.3036388,34.86475
2,負傷,21,車両相互,1,晴,12,昼－昼,15-18時,6,金,0,06,2019,15,15,11,2019-11-15,15:06,1,一般国道（国道番号）,150,7,交差点付近－その他,1,138.2875277,34.8223333
2,負傷,1,人対車両,1,晴,21,夜－暮,15-18時,6,金,0,20,2019,15,17,11,2019-11-15,17:20,1,一般都道府県道,2355,14,単路－その他,1,138.324,34.8145277
2,負傷,21,車両相互,1,晴,12,昼－昼,9-12時,7,土,0,07,2019,16,10,11,2019-11-16,10:07,1,一般市町村道,3700,1,交差点－その他,1,138.3195833,34.8720555
2,負傷,1,人対車両,1,晴,12,昼－昼,9-12時,7,土,0,45,2019,16,11,11,2019-11-16,11:45,1,一般市町村道,3700,1,交差点－その他,1,138.3178333,34.8745833
2,負傷,21,車両相互,1,晴,22,夜－夜,18-21時,4,水,0,00,2019,06,18,11,2019-11-06,18:00,1,一般市町村道,3700,1,交差点－その他,1,138.3088888,34.8850277
2,負傷,21,車両相互,2,曇,22,夜－夜,18-21時,2,月,0,10,2019,11,18,11,2019-11-11,18:10,1,一般都道府県道,2416,14,単路－その他,1,138.3198888,34.8655