事故内容,事故内容区分,事故類型,事故類型区分,天候,天候区分,昼夜,昼夜区分,時間帯区分,曜日(発生年月日),曜日区分,死者数,発生日時　　分,発生日時　　年,発生日時　　日,発生日時　　時,発生日時　　月,発生日時（年月日）,発生日時（時間）,負傷者数,路線,路線コード,道路形状,道路形状区分,件数,経度,緯度
2,負傷,21,車両相互,2,曇,22,夜－夜,21-24時,1,日,0,10,2019,17,22,11,2019-11-17,22:10,1,一般国道（国道番号）,150,14,単路－その他,1,138.3216111,34.8833888
2,負傷,21,車両相互,2,曇,12,昼－昼,15-18時,2,月,0,30,2019,18,15,11,2019-11-18,15:30,1,主要地方道－都道府県道,1031,1,交差点－その他,1,138.3214444,34.8562222
2,負傷,21,車両相互,3,雨,22,夜－夜,15-18時,2,月,0,39,2019,18,17,11,2019-11-18,17:39,1,一般市町村道,3700,1,交差点－その他,1,138.2523055,34.81725
2,負傷,21,車両相互,3,雨,21,夜－暮,15-18時,2,月,0,25,2019,18,17,11,2019-11-18,17:25,2,一般国道（国道番号）,150,14,単路－その他,1,138.3008333,34.8578333
2,負傷,21,車両相互,1,晴,12,昼－昼,6-9時,2,月,0,35,2019,18,07,11,2019-11-18,07:35,1,一般市町村道,3700,1,交差点－その他,1,138.2649444,34.8057777
2,負傷,1,人対車両,1,晴,12,昼－昼,9-12時,3,火,0,10,2019,19,09,11,2019-11-19,09:10,1,一般市町村道,3700,1,交差点－その他,1,138.3178611,34.8745277
2,負傷,21,車両相互,1,晴,12,昼－昼,9-12時,3,火,0,06,2019,19,10,11,2019-11-19,10:06,1,一般市町村道,3700,1,交差点－その他,1,138.307,34.8826666
2,負傷,21,車両相互,1,晴,12,昼－昼,9-12時,2,月,0,20,2019,18,10,11,2019-11-18,10:20,2,一般市町村道,3700,14,単路－その他,1,138.3110555,34.8577777
2,負傷,1,人対車両,1,晴,22,夜－夜,18-21時,3,火,0,09,2019,19,19,11,2019-11-19,19:09,1,一般市町村道,3700,1,交差点－その他,1,138.3111111,34.8523055
2,負傷,21,車両相互,1,晴,12,昼－昼,6-9時,4,水,0,34,2019,20,07,11,2019-11-20,07:34,1,一般都道府県道,2224,1,交差点－その他,1,138.2885833,34.8565833
2,負傷,21,車両相互,1,晴,12,昼－昼,6-9時,3,火,0,45,2019,24,06,09,2019-09-24,06:45,1,一般市町村道,3700,1,交差点－その他,1,138.3010833,34.8278055
2,負傷,21,車両相互,1,晴,12,昼－昼,9-12時,4,水,0,32,2019,20,10,11,2019-11-20,10:32,1,一般市町村道,3700,7,交差点付近－その他,1,138.2961944,34.8447777
2,負傷,21,車両相互,1,晴,21,夜－暮,15-18時,7,土,0,45,2019,16,16,11,2019-11-16,16:45,2,一般国道（国道番号）,150,1,交差点－その他,1,138.2878333,34.8223888
2,負傷,21,車両相互,1,晴,21,夜－暮,15-18時,4,水,0,30,2019,20,17,11,2019-11-20,17:30,1,一般市町村道,3700,7,交差点付近－その他,1,138.3118611,34.8346666
2,負傷,41,車両単独,1,晴,12,昼－昼,12-15時,3,火,0,30,2019,19,13,11,2019-11-19,13:30,1,一般市町村道,3700,14,単路－その他,1,138.3145555,34.8652222
2,負傷,21,車両相互,1,晴,21,夜－暮,15-18時,4,水,0,50,2019,20,16,11,2019-11-20,16:50,1,一般市町村道,3700,7,交差点付近－その他,1,138.2994722,34.8583333
2,負傷,21,車両相互,1,晴,21,夜－暮,15-18時,4,水,0,35,2019,20,17,11,2019-11-20,17:35,2,一般都道府県道,2416,14,単路－その他,1,138.3271388,34.8773333
2,負傷,21,車両相互,1,晴,22,夜－夜,18-21時,2,月,0,09,2019,11,18,11,2019-11-11,18:09,1,一般都道府県道,2224,14,単路－その他,1,138.2904722,34.8480277
2,負傷,21,車両相互,1,晴,12,昼－昼,6-9時,5,木,0,30,2019,21,07,11,2019-11-21,07:30,1,一般市町村道,3700,1,交差点－その他,1,138.3040555,34.8231388
2,負傷,21,車両相互,1,晴,12,昼－昼,9-12時,5,木,0,47,2019,21,10,11,2019-11-21,10:47,2,一般国道（国道番号）,150,7,交差点付近－その他,1,138.3011388,34.8601388
2,負傷,21,車両相互,2,曇,22,夜－夜,18-21時,5,木,0,30,2019,21,18,11,2019-11-21,18:30,1,一般国道（国道番号）,150,1,交差点－その他,1,138.302,34.8305555
2,負傷,21,車両相互,3,雨,12,昼－昼,9-12時,6,金,0,08,2019,22,09,11,2019-11-22,09:08,1,一般市町村道,3700,1,交差点－その他,1,138.32225,34.8578333
2,負傷,21,車両相互,3,雨,12,昼－昼,9-12時,6,金,0,09,2019,22,11,11,2019-11-22,11:09,1,一般の交通の用に供するその他の道路,9900,0,一般交通の場所,1,138.3087222,34.84175
2,負傷,21,車両相互,1,晴,12,昼－昼,12-15時,7,土,0,10,2019,16,13,11,2019-11-16,13:10,1,一般市町村道,3700,14,単路－その他,1,138.3083055,34.8506666
2,負傷,21,車両相互,3,雨,12,昼－昼,12-15時,6,金,0,54,2019,22,14,11,2019-11-22,14:54,1,一般都道府県道,2416,1,交差点－その他,1,138.3030277,34.8313888
2,負傷,1,人対車両,3,雨,12,昼－昼,9-12時,6,金,0,30,2019,22,09,11,2019-11-22,09:30,1,一般市町村道,3700,14,単路－その他,1,138.3130833,34.8584444
2,負傷,21,車両相互,3,雨,13,昼－暮,15-18時,6,金,0,30,2019,22,16,11,2019-11-22,16:30,1,一般都道府県道,2416,1,交差点－その他,1,138.3236666,34.8732777
2,負傷,21,車両相互,3,雨,22,夜－夜,18-21時,6,金,0,07,2019,22,19,11,2019-11-22,19:07,4,一般国道（国道番号）,150,14,単路－その他,1,138.2615555,34.8006944
2,負傷,21,車両相互,1,晴,12,昼－昼,6-9時,7,土,0,44,2019,23,07,11,2019-11-23,07:44,2,一般市町村道,3700,14,単路－その他,1,138.2731388,34.7995833
2,負傷,1,人対車両,2,曇,22,夜－夜,0-3時,3,火,0,07,2019,26,00,11,2019-11-26,00:07,1,一般市町村道,3700,14,単路－その他,1,138.3106111,34.8578611
2,負傷,21,車両相互,2,曇,12,昼－昼,9-12時,3,火,0,02,2019,26,09,11,2019-11-26,09:02,1,一般市町村道,3700,1,交差点－その他,1,138.2923055,34.8568333
2,負傷,21,車両相互,1,晴,22,夜－夜,15-18時,6,金,0,43,2019,15,17,11,2019-11-15,17:43,1,一般市町村道,3700,7,交差点付近－その他,1,138.2811944,34.8146388
2,負傷,1,人対車両,3,雨,12,昼－昼,15-18時,3,火,0,32,2019,26,15,11,2019-11-26,15:32,1,一般市町村道,3700,1,交差点－その他,1,138.3158333,34.8666388
2,負傷,21,車両相互,2,曇,12,昼－昼,9-12時,4,水,0,30,2019,27,09,11,2019-11-27,09:30,1,一般市町村道,3700,7,交差点付近－その他,1,138.2990833,34.8541111
2,負傷,21,車両相互,1,晴,21,夜－暮,15-18時,7,土,0,00,2019,16,17,11,2019-11-16,17:00,1,一般市町村道,3700,1,交差点－その他,1,138.2878333,34.8407222
2,負傷,21,車両相互,3,雨,11,昼－明,6-9時,5,木,0,53,2019,28,06,11,2019-11-28,06:53,2,一般市町村道,3700,1,交差点－その他,1,138.2917222,34.8273611
2,負傷,21,車両相互,3,雨,12,昼－昼,9-12時,5,木,0,23,2019,28,09,11,2019-11-28,09:23,1,一般市町村道,3700,14,単路－その他,1,138.3081666,34.8392777
2,負傷,21,車両相互,1,晴,21,夜－暮,15-18時,6,金,0,20,2019,29,17,11,2019-11-29,17:20,1,一般市町村道,3700,1,交差点－その他,1,138.2586944,34.8119444
2,負傷,21,車両相互,1,晴,22,夜－夜,18-21時,6,金,0,10,2019,29,19,11,2019-11-29,19:10,1,主要地方道－都道府県道,1081,14,単路－その他,1,138.2973055,34.8843055
2,負傷,21,車両相互,1,晴,12,昼－昼,12-15時,7,土,0,41,2019,30,12,11,2019-11-30,12:41,1,一般市町村道,3700,1,交差点－その他,1,138.3180277,34.8553055
2,負傷,1,人対車両,1,晴,22,夜－夜,15-18時,2,月,0,53,2019,25,17,11,2019-11-25,17:53,1,一般国道（国道番号）,150,14,単路－その他,1,138.2774722,34.8146111
2,負傷,1,人対車両,1,晴,13,昼－暮,15-18時,7,土,0,30,2019,30,16,11,2019-11-30,16:30,1,一般市町村道,3700,14,単路－その他,1,138.2958611,34.8745
2,負傷,21,車両相互,3,雨,22,夜－夜,18-21時,6,金,0,02,2019,22,19,11,2019-11-22,19:02,1,一般国道（国道番号）,150,14,単路－その他,1,138.3240277,34.8856666
2,負傷,21,車両相互,3,雨,12,昼－昼,6-9時,2,月,0,02,2019,02,08,12,2019-12-02,08:02,1,一般市町村道,3700,1,交差点－その他,1,138.2962222,34.8752777
2,負傷,21,車両相互,1,晴,21,夜－暮,15-18時,4,水,0,20,2019,20,17,11,2019-11-20,17:20,1,一般都道府県道,2416,14,単路－その他,1,138.3012777,34.8301666
2,負傷,21,車両相互,2,曇,12,昼－昼,6-9時,2,月,0,50,2019,25,08,11,2019-11-25,08:50,1,一般市町村道,3700,14,単路－その他,1,138.3238055,34.8727777
2,負傷,21,車両相互,3,雨,12,昼－昼,6-9時,6,金,0,30,2019,22,08,11,2019-11-22,08:30,1,一般市町村道,3700,1,交差点－その他,1,138.3135,34.8486944
2,負傷,21,車両相互,1,晴,22,夜－夜,21-24時,2,月,0,27,2019,02,21,12,2019-12-02,21:27,1,主要地方道－都道府県道,1030,7,交差点付近－その他,1,138.31675,34.8687777
2,負傷,21,車両相互,1,晴,12,昼－昼,6-9時,3,火,0,38,2019,03,07,12,2019-12-03,07:38,1,一般市町村道,3700,1,交差点－その他,1,138.3095,34.8523611
2,負傷,21,車両相互,1,晴,12,昼－昼,6-9時,3,火,0,45,2019,03,07,12,2019-12-03,07:45,2,一般市町村道,3700,1,交差点－その他,1,138.2682777,34.8107777
2,負傷,21,車両相互,2,曇,12,昼－昼,12-15時,4,水,0,30,2019,27,13,11,2019-11-27,13:30,1,一般市町村道,3700,7,交差点付近－その他,1,138.2852222,34.8036388
2,負傷,21,車両相互,1,晴,11,昼－明,6-9時,4,水,0,30,2019,04,07,12,2019-12-04,07:30,1,一般市町村道,3700,1,交差点－その他,1,138.3005277,34.8878055
2,負傷,21,車両相互,3,雨,12,昼－昼,9-12時,2,月,0,55,2019,02,09,12,2019-12-02,09:55,1,一般都道府県道,2227,1,交差点－その他,1,138.2837222,34.8111666
2,負傷,21,車両相互,1,晴,21,夜－暮,15-18時,4,水,0,06,2019,04,17,12,2019-12-04,17:06,1,一般市町村道,3700,14,単路－その他,1,138.3051111,34.8011666
2,負傷,1,人対車両,1,晴,22,夜－夜,18-21時,4,水,0,32,2019,04,19,12,2019-12-04,19:32,1,一般市町村道,3700,1,交差点－その他,1,138.3225555,34.8488611
2,負傷,21,車両相互,1,晴,11,昼－明,6-9時,5,木,0,25,2019,05,07,12,2019-12-05,07:25,1,一般国道（国道番号）,150,14,単路－その他,1,138.3000833,34.8550277
2,負傷,21,車両相互,2,曇,22,夜－夜,18-21時,6,金,0,10,2019,06,18,12,2019-12-06,18:10,1,一般市町村道,3700,1,交差点－その他,1,138.3149722,34.8704722
2,負傷,21,車両相互,2,曇,23,夜－明,6-9時,7,土,0,28,2019,07,06,12,2019-12-07,06:28,1,一般市町村道,3700,1,交差点－その他,1,138.3190277,34.8875
2,負傷,21,車両相互,2,曇,12,昼－昼,15-18時,7,土,0,22,2019,07,15,12,2019-12-07,15:22,4,一般国道（国道番号）,150,7,交差点付近－その他,1,138.3249722,34.8865
2,負傷,21,車両相互,1,晴,12,昼－昼,6-9時,1,日,0,22,2019,08,08,12,2019-12-08,08:22,3,一般国道（国道番号）,150,1,交差点－その他,1,138.32025,34.8824444
2,負傷,21,車両相互,1,晴,12,昼－昼,9-12時,1,日,0,02,2019,08,09,12,2019-12-08,09:02,1,一般市町村道,3700,14,単路－その他,1,138.3229722,34.8437222
2,負傷,21,車両相互,1,晴,12,昼－昼,12-15時,1,日,0,02,2019,08,13,12,2019-12-08,13:02,1,一般市町村道,3700,7,交差点付近－その他,1,138.2758055,34.8099166
2,負傷,21,車両相互,2,曇,12,昼－昼,12-15時,2,月,0,30,2019,09,14,12,2019-12-09,14:30,1,一般市町村道,3700,13,単路－カーブ・屈折,1,138.2887222,34.8463333
2,負傷,21,車両相互,2,曇,22,夜－夜,18-21時,2,月,0,50,2019,09,18,12,2019-12-09,18:50,1,一般市町村道,3700,7,交差点付近－その他,1,138.308,34.8452222
2,負傷,21,車両相互,2,曇,11,昼－明,6-9時,3,火,0,33,2019,10,07,12,2019-12-10,07:33,1,一般市町村道,3700,1,交差点－その他,1,138.3276111,34.8452777
2,負傷,21,車両相互,1,晴,12,昼－昼,15-18時,3,火,0,30,2019,10,15,12,2019-12-10,15:30,3,一般国道（国道番号）,150,1,交差点－その他,1,138.303,34.7984166
2,負傷,21,車両相互,2,曇,21,夜－暮,15-18時,3,火,0,30,2019,10,17,12,2019-12-10,17:30,1,一般市町村道,3700,14,単路－その他,1,138.311,34.8256944
2,負傷,1,人対車両,3,雨,21,夜－暮,15-18時,2,月,0,30,2019,09,17,12,2019-12-09,17:30,1,一般市町村道,3700,13,単路－カーブ・屈折,1,138.3136666,34.8820277
2,負傷,21,車両相互,1,晴,12,昼－昼,6-9時,4,水,0,55,2019,11,08,12,2019-12-11,08:55,2,一般市町村道,3700,1,交差点－その他,1,138.3143055,34.8590555
2,負傷,21,車両相互,1,晴,22,夜－夜,18-21時,4,水,0,38,2019,11,18,12,2019-12-11,18:38,1,一般市町村道,3700,7,交差点付近－その他,1,138.2910833,34.7999444
2,負傷,21,車両相互,1,晴,21,夜－暮,15-18時,4,水,0,13,2019,11,17,12,2019-12-11,17:13,1,一般市町村道,3700,1,交差点－その他,1,138.2951111,34.8820555
2,負傷,41,車両単独,1,晴,22,夜－夜,21-24時,4,水,0,39,2019,11,23,12,2019-12-11,23:39,1,一般市町村道,3700,13,単路－カーブ・屈折,1,138.2876944,34.8102777
2,負傷,21,車両相互,1,晴,22,夜－夜,15-18時,5,木,0,46,2019,12,17,12,2019-12-12,17:46,1,主要地方道－都道府県道,1031,14,単路－その他,1,138.2859166,34.7825555
2,負傷,21,車両相互,2,曇,12,昼－昼,6-9時,6,金,0,30,2019,13,08,12,2019-12-13,08:30,1,一般市町村道,3700,1,交差点－その他,1,138.2880277,34.7821944
2,負傷,21,車両相互,2,曇,12,昼－昼,9-12時,6,金,0,19,2019,13,09,12,2019-12-13,09:19,1,一般市町村道,3700,7,交差点付近－その他,1,138.3236944,34.8698333
2,負傷,21,車両相互,2,曇,12,昼－昼,9-12時,6,金,0,40,2019,13,09,12,2019-12-13,09:40,1,一般市町村道,3700,1,交差点－その他,1,138.2880555,34.8593055
2,負傷,21,車両相互,1,晴,13,昼－暮,15-18時,6,金,0,12,2019,13,16,12,2019-12-13,16:12,1,一般国道（国道番号）,150,14,単路－その他,1,138.2958611,34.7906666
2,負傷,21,車両相互,1,晴,13,昼－暮,15-18時,1,日,0,27,2019,08,16,12,2019-12-08,16:27,1,一般国道（国道番号）,150,14,単路－その他,1,138.2726111,34.8103888
2,負傷,21,車両相互,1,晴,12,昼－昼,9-12時,7,土,0,43,2019,14,11,12,2019-12-14,11:43,3,一般国道（国道番号）,150,14,単路－その他,1,138.2734444,34.8111111
2,負傷,21,車両相互,1,晴,12,昼－昼,9-12時,7,土,0,45,2019,14,11,12,2019-12-14,11:45,1,一般国道（国道番号）,150,7,交差点付近－その他,1,138.2994722,34.8743333
2,負傷,21,車両相互,1,晴,12,昼－昼,12-15時,7,土,0,29,2019,14,13,12,2019-12-14,13:29,2,一般国道（国道番号）,150,14,単路－その他,1,138.2935555,34.8247777
2,負傷,21,車両相互,2,曇,22,夜－夜,18-21時,1,日,0,34,2019,15,20,12,2019-12-15,20:34,1,一般市町村道,3700,1,交差点－その他,1,138.28525,34.8411388
2,負傷,21,車両相互,1,晴,11,昼－明,6-9時,2,月,0,33,2019,16,07,12,2019-12-16,07:33,2,一般市町村道,3700,1,交差点－その他,1,138.2963611,34.8550277
2,負傷,21,車両相互,1,晴,22,夜－夜,18-21時,5,木,0,50,2019,12,18,12,2019-12-12,18:50,1,一般市町村道,3700,7,交差点付近－その他,1,138.3236666,34.8871388
2,負傷,21,車両相互,1,晴,13,昼－暮,15-18時,2,月,0,10,2019,16,16,12,2019-12-16,16:10,1,一般国道（国道番号）,150,1,交差点－その他,1,138.3001388,34.8424722
2,負傷,21,車両相互,2,曇,22,夜－夜,18-21時,2,月,0,22,2019,16,20,12,2019-12-16,20:22,1,一般国道（国道番号）,150,1,交差点－その他,1,138.3099166,34.8183333
2,負傷,21,車両相互,2,曇,13,昼－暮,15-18時,3,火,0,44,2019,17,15,12,2019-12-17,15:44,1,一般市町村道,3700,14,単路－その他,1,138.3007777,34.8363611
2,負傷,21,車両相互,1,晴,21,夜－暮,15-18時,2,月,0,10,2019,16,17,12,2019-12-16,17:10,1,一般市町村道,3700,14,単路－その他,1,138.3154444,34.8680555
2,負傷,21,車両相互,2,曇,22,夜－夜,21-24時,3,火,0,55,2019,17,21,12,2019-12-17,21:55,1,一般市町村道,3700,1,交差点－その他,1,138.3101388,34.8613055
2,負傷,41,車両単独,1,晴,22,夜－夜,3-6時,4,水,0,45,2019,18,05,12,2019-12-18,05:45,1,一般国道（国道番号）,150,1,交差点－その他,1,138.3043333,34.8230555
2,負傷,21,車両相互,1,晴,12,昼－昼,6-9時,4,水,0,40,2019,18,08,12,2019-12-18,08:40,2,一般市町村道,3700,14,単路－その他,1,138.2967777,34.8242222
2,負傷,21,車両相互,3,雨,22,夜－夜,18-21時,2,月,0,05,2019,09,18,12,2019-12-09,18:05,2,一般国道（国道番号）,150,7,交差点付近－その他,1,138.2798055,34.8166944
2,負傷,1,人対車両,1,晴,12,昼－昼,9-12時,6,金,0,26,2019,20,11,12,2019-12-20,11:26,1,一般市町村道,3700,7,交差点付近－その他,1,138.31175,34.8337777
2,負傷,21,車両相互,1,晴,12,昼－昼,9-12時,6,金,0,59,2019,20,10,12,2019-12-20,10:59,2,一般国道（国道番号）,150,1,交差点－その他,1,138.3107777,34.8789722
2,負傷,21,車両相互,3,雨,21,夜－暮,15-18時,2,月,0,13,2019,09,17,12,2019-12-09,17:13,1,一般都道府県道,2416,7,交差点付近－その他,1,138.3197222,34.8649166
2,負傷,21,車両相互,1,晴,22,夜－夜,15-18時,6,金,0,58,2019,20,17,12,2019-12-20,17:58,2,一般国道（国道番号）,150,14,単路－その他,1,138.2978888,34.7929166
2,負傷,21,車両相互,2,曇,12,昼－昼,6-9時,1,日,0,46,2019,22,08,12,2019-12-22,08:46,1,一般国道（国道番号）,150,1,交差点－その他,1,138.2997222,34.8470277
2,負傷,1,人対車両,2,曇,12,昼－昼,9-12時,1,日,0,50,2019,22,11,12,2019-12-22,11:50,1,一般市町村道,3700,14,単路－その他,1,138.3192222,34.8754444
2,負傷,21,車両相互,2,曇,12,昼－昼,6-9時,1,日,0,40,2019,22,08,12,2019-12-22,08:40,2,一般市町村道,3700,1,交差点－その他,1,138.2985,34.8801666
2,負傷,21,車両相互,2,曇,12,昼－昼,6-9時,1,日,0,47,2019,22,08,12,2019-12-22,08:47,3,一般都道府県道,2355,13,単路－カーブ・屈折,1,138.3271111,34.8173611
2,負傷,21,車両相互,2,曇,12,昼－昼,6-9時,2,月,0,36,2019,23,08,12,2019-12-23,08:36,1,一般市町村道,3700,7,交差点付近－その他,1,138.307,34.8651111
2,負傷,21,車両相互,1,晴,12,昼－昼,9-12時,6,金,0,17,2019,29,09,11,2019-11-29,09:17,1,一般国道（国道番号）,150,7,交差点付近－その他,1,138.3003055,34.8295
2,負傷,21,車両相互,1,晴,12,昼－昼,12-15時,2,月,0,50,2019,23,12,12,2019-12-23,12:50,2,一般市町村道,3700,1,交差点－その他,1,138.3058333,34.8825
2,負傷,21,車両相互,1,晴,13,昼－暮,15-18時,2,月,0,37,2019,23,16,12,2019-12-23,16:37,1,一般都道府県道,2224,1,交差点－その他,1,138.2888888,34.8516388
2,負傷,21,車両相互,1,晴,13,昼－暮,15-18時,6,金,0,22,2019,13,16,12,2019-12-13,16:22,1,一般市町村道,3700,14,単路－その他,1,138.3061388,34.8424444
2,負傷,21,車両相互,1,晴,11,昼－明,6-9時,3,火,0,38,2019,24,07,12,2019-12-24,07:38,1,一般市町村道,3700,14,単路－その他,1,138.2937777,34.8828055
2,負傷,21,車両相互,1,晴,12,昼－昼,12-15時,4,水,0,35,2019,25,12,12,2019-12-25,12:35,1,一般市町村道,3700,1,交差点－その他,1,138.2873611,34.8330277
2,負傷,1,人対車両,2,曇,22,夜－夜,18-21時,4,水,0,18,2019,25,19,12,2019-12-25,19:18,1,一般の交通の用に供するその他の道路,9900,0,一般交通の場所,1,138.3103611,34.8904444
2,負傷,21,車両相互,1,晴,12,昼－昼,6-9時,3,火,0,15,2019,24,08,12,2019-12-24,08:15,1,一般の交通の用に供するその他の道路,9900,0,一般交通の場所,1,138.3023611,34.8598333
2,負傷,21,車両相互,1,晴,22,夜－夜,21-24時,2,月,0,15,2019,02,22,12,2019-12-02,22:15,1,一般の交通の用に供するその他の道路,9900,0,一般交通の場所,1,138.2987777,34.8592222
2,負傷,21,車両相互,1,晴,22,夜－夜,21-24時,6,金,0,40,2019,20,21,12,2019-12-20,21:40,2,一般市町村道,3700,1,交差点－その他,1,138.285,34.8380833
2,負傷,21,車両相互,1,晴,12,昼－昼,15-18時,3,火,0,00,2019,24,15,12,2019-12-24,15:00,1,一般市町村道,3700,7,交差点付近－その他,1,138.3228888,34.866
2,負傷,21,車両相互,3,雨,22,夜－夜,15-18時,5,木,0,58,2019,26,17,12,2019-12-26,17:58,1,一般国道（国道番号）,150,14,単路－その他,1,138.3357777,34.8975833
2,負傷,21,車両相互,1,晴,12,昼－昼,9-12時,6,金,0,14,2019,27,10,12,2019-12-27,10:14,2,主要地方道－都道府県道,1031,14,単路－その他,1,138.3105555,34.8105555
2,負傷,21,車両相互,1,晴,12,昼－昼,12-15時,6,金,0,12,2019,27,12,12,2019-12-27,12:12,1,主要地方道－都道府県道,1033,14,単路－その他,1,138.279,34.81625
2,負傷,21,車両相互,1,晴,12,昼－昼,6-9時,6,金,0,55,2019,27,08,12,2019-12-27,08:55,3,一般都道府県道,2416,14,単路－その他,1,138.3246944,34.8741111
2,負傷,21,車両相互,1,晴,12,昼－昼,6-9時,6,金,0,30,2019,27,08,12,2019-12-27,08:30,1,一般市町村道,3700,1,交差点－その他,1,138.2977777,34.8804722
2,負傷,21,車両相互,1,晴,22,夜－夜,18-21時,4,水,0,07,2019,18,18,12,2019-12-18,18:07,1,一般市町村道,3700,14,単路－その他,1,138.3069444,34.8661388
2,負傷,21,車両相互,1,晴,12,昼－昼,12-15時,6,金,0,40,2019,27,14,12,2019-12-27,14:40,1,一般国道（国道番号）,150,14,単路－その他,1,138.3006944,34.8309444
2,負傷,1,人対車両,1,晴,21,夜－暮,15-18時,6,金,0,00,2019,27,17,12,2019-12-27,17:00,1,一般市町村道,3700,14,単路－その他,1,138.2743055,34.8104722
2,負傷,21,車両相互,1,晴,12,昼－昼,12-15時,1,日,0,35,2019,29,13,12,2019-12-29,13:35,2,主要地方道－都道府県道,1081,14,単路－その他,1,138.3020833,34.8818888
2,負傷,21,車両相互,1,晴,22,夜－夜,18-21時,2,月,0,53,2019,23,20,12,2019-12-23,20:53,2,一般市町村道,3700,14,単路－その他,1,138.3075833,34.83475
2,負傷,21,車両相互,1,晴,11,昼－明,6-9時,4,水,0,00,2019,18,07,12,2019-12-18,07:00,1,一般都道府県道,2355,1,交差点－その他,1,138.3156666,34.804
2,負傷,1,人対車両,3,雨,12,昼－昼,6-9時,2,月,0,51,2019,30,08,12,2019-12-30,08:51,1,一般市町村道,3700,14,単路－その他,1,138.3016666,34.8791388
2,負傷,21,車両相互,1,晴,22,夜－夜,18-21時,3,火,0,45,2019,24,19,12,2019-12-24,19:45,1,一般国道（国道番号）,150,14,単路－その他,1,138.3233888,34.8849722
2,負傷,21,車両相互,3,雨,12,昼－昼,9-12時,2,月,0,09,2019,30,11,12,2019-12-30,11:09,2,一般国道（国道番号）,150,14,単路－その他,1,138.28225,34.8187777
2,負傷,21,車両相互,1,晴,12,昼－昼,12-15時,3,火,0,23,2019,31,14,12,2019-12-31,14:23,1,一般市町村道,3700,1,交差点－その他,1,138.3117222,34.8346666
2,負傷,21,車両相互,1,晴,12,昼－昼,15-18時,3,火,0,25,2019,31,15,12,2019-12-31,15:25,2,一般市町村道,3700,1,交差点－その他,1,138.3071666,34.8604722
2,負傷,41,車両単独,1,晴,12,昼－昼,15-18時,3,火,0,30,2019,31,15,12,2019-12-31,15:30,1,一般市町村道,3700,14,単路－その他,1,138.3140555,34.8625
2,負傷,21,車両相互,3,雨,12,昼－昼,9-12時,2,月,0,10,2019,30,09,12,2019-12-30,09:10,1,一般市町村道,3700,7,交差点付近－その他,1,138.3041666,34.8785555